h,dt,delta_dt,b,armed,wind_speed,humidity,vibration,action,anticipated_scenario,SAT
0.0,100.0,0.0,100.0,False,9.2,60.0,0.0,,,
0.0,100.0,0.0,96.0,True,9.1,60.5,0.52,takeoff_act,Takeoff,True
104.7,100.0,0.0,93.0,True,9.1,60.3,0.47,checkstatus_act,Checkstatus,True
104.1,100.0,0.0,88.0,True,9.0,61.0,0.54,manoeuvre_act,Flying,True
104.9,89.0,11.0,85.0,True,9.0,61.5,0.52,checkstatus_act,Checkstatus,True
103.8,89.0,0.0,81.0,True,8.9,61.5,0.52,manoeuvre_act,Flying,True
104.6,77.0,12.0,76.0,True,8.9,61.6,0.52,checkstatus_act,Checkstatus,True
105.0,77.0,0.0,73.0,True,8.8,61.6,0.52,manoeuvre_act,Flying,False
99.2,67.0,10.0,69.0,True,8.9,61.7,0.52,checkstatus_act,Checkstatus,
