similarity_result,diagnosed_name,diagnosed_given,diagnosed_then,candidate_name,candidate_given,candidate_then,elapsed_time,config
1.0,diagnosed_baseline,p1 >= 50 AND p2 >= 50 AND p3 >= 50 AND p4 >= 50 AND p5 >= 50,p6 >= 50 AND p7 >= 50 AND p8 >= 50 AND p9 >= 50 AND p10 >= 50,diagnosed_baseline,p1 >= 50 AND p2 >= 50 AND p3 >= 50 AND p4 >= 50 AND p5 >= 50,p6 >= 50 AND p7 >= 50 AND p8 >= 50 AND p9 >= 50 AND p10 >= 50,0.1393699999898672,"{'parameter_weights': {'parameter_1': 1.0, 'parameter_n': 1.0}, 'tversky_weights': {'alpha': 0.9, 'beta': 0.1}, 'conditional_weights': {'given': 1.0, 'when': 1.0, 'then': 1.0}}"
0.3333333333333333,diagnosed_baseline,p1 >= 50 AND p2 >= 50 AND p3 >= 50 AND p4 >= 50 AND p5 >= 50,p6 >= 50 AND p7 >= 50 AND p8 >= 50 AND p9 >= 50 AND p10 >= 50,1,p17 <= 60 AND p4 <= 40 AND p1 <= 50,p2 < 50 AND p1 >= 60 AND p4 > 65 AND p13 >= 40 AND p18 <= 65,0.10799070002394728,"{'parameter_weights': {'parameter_1': 1.0, 'parameter_n': 1.0}, 'tversky_weights': {'alpha': 0.9, 'beta': 0.1}, 'conditional_weights': {'given': 1.0, 'when': 1.0, 'then': 1.0}}"
0.5856860522875816,diagnosed_baseline,p1 >= 50 AND p2 >= 50 AND p3 >= 50 AND p4 >= 50 AND p5 >= 50,p6 >= 50 AND p7 >= 50 AND p8 >= 50 AND p9 >= 50 AND p10 >= 50,2,p1 <= 40 AND p2 >= 55 AND p3 >= 50 AND p4 <= 60 AND p5 <= 50,p10 >= 55 AND p16 > 60 AND p6 < 65 AND p7 <= 50 AND p8 <= 40 AND p9 > 40,0.20438529999228194,"{'parameter_weights': {'parameter_1': 1.0, 'parameter_n': 1.0}, 'tversky_weights': {'alpha': 0.9, 'beta': 0.1}, 'conditional_weights': {'given': 1.0, 'when': 1.0, 'then': 1.0}}"
0.7228273333333334,diagnosed_baseline,p1 >= 50 AND p2 >= 50 AND p3 >= 50 AND p4 >= 50 AND p5 >= 50,p6 >= 50 AND p7 >= 50 AND p8 >= 50 AND p9 >= 50 AND p10 >= 50,3,p1 > 40 AND p2 >= 55 AND p3 > 40 AND p4 <= 45 AND p5 > 40,p10 >= 65 AND p6 >= 40 AND p7 <= 50 AND p8 >= 45 AND p9 < 40,0.19308580001234077,"{'parameter_weights': {'parameter_1': 1.0, 'parameter_n': 1.0}, 'tversky_weights': {'alpha': 0.9, 'beta': 0.1}, 'conditional_weights': {'given': 1.0, 'when': 1.0, 'then': 1.0}}"
0.39999999999999997,diagnosed_baseline,p1 >= 50 AND p2 >= 50 AND p3 >= 50 AND p4 >= 50 AND p5 >= 50,p6 >= 50 AND p7 >= 50 AND p8 >= 50 AND p9 >= 50 AND p10 >= 50,4,p4 < 60 AND p8 > 55 AND p1 >= 50 AND p14 <= 40,p14 > 65 AND p17 <= 60 AND p1 > 40 AND p6 >= 50 AND p13 > 60,0.097372100019129,"{'parameter_weights': {'parameter_1': 1.0, 'parameter_n': 1.0}, 'tversky_weights': {'alpha': 0.9, 'beta': 0.1}, 'conditional_weights': {'given': 1.0, 'when': 1.0, 'then': 1.0}}"
0.5566666666666666,diagnosed_baseline,p1 >= 50 AND p2 >= 50 AND p3 >= 50 AND p4 >= 50 AND p5 >= 50,p6 >= 50 AND p7 >= 50 AND p8 >= 50 AND p9 >= 50 AND p10 >= 50,5,p1 < 40 AND p2 > 55 AND p3 < 60 AND p4 > 60 AND p5 < 45,p10 > 65 AND p6 <= 65 AND p7 < 40 AND p8 > 65 AND p9 < 45,0.16280920000281185,"{'parameter_weights': {'parameter_1': 1.0, 'parameter_n': 1.0}, 'tversky_weights': {'alpha': 0.9, 'beta': 0.1}, 'conditional_weights': {'given': 1.0, 'when': 1.0, 'then': 1.0}}"
0.43092676470588237,diagnosed_baseline,p1 >= 50 AND p2 >= 50 AND p3 >= 50 AND p4 >= 50 AND p5 >= 50,p6 >= 50 AND p7 >= 50 AND p8 >= 50 AND p9 >= 50 AND p10 >= 50,6,p9 < 65 AND p20 < 50 AND p2 >= 45 AND p16 >= 60 AND p4 > 65 AND p19 > 60,p3 < 65 AND p16 < 40 AND p8 >= 55 AND p18 >= 45 AND p15 > 50 AND p12 > 50,0.22384890000103042,"{'parameter_weights': {'parameter_1': 1.0, 'parameter_n': 1.0}, 'tversky_weights': {'alpha': 0.9, 'beta': 0.1}, 'conditional_weights': {'given': 1.0, 'when': 1.0, 'then': 1.0}}"
0.7833333333333333,diagnosed_baseline,p1 >= 50 AND p2 >= 50 AND p3 >= 50 AND p4 >= 50 AND p5 >= 50,p6 >= 50 AND p7 >= 50 AND p8 >= 50 AND p9 >= 50 AND p10 >= 50,7,p1 >= 50 AND p16 >= 55 AND p2 >= 50 AND p3 >= 60 AND p4 >= 55,p10 >= 55 AND p14 >= 50 AND p6 >= 60 AND p8 >= 60 AND p9 >= 60,0.12024230000679381,"{'parameter_weights': {'parameter_1': 1.0, 'parameter_n': 1.0}, 'tversky_weights': {'alpha': 0.9, 'beta': 0.1}, 'conditional_weights': {'given': 1.0, 'when': 1.0, 'then': 1.0}}"
0.36838947712418296,diagnosed_baseline,p1 >= 50 AND p2 >= 50 AND p3 >= 50 AND p4 >= 50 AND p5 >= 50,p6 >= 50 AND p7 >= 50 AND p8 >= 50 AND p9 >= 50 AND p10 >= 50,8,p14 <= 50 AND p4 < 65 AND p19 < 60 AND p2 <= 45 AND p12 < 40 AND p3 >= 55 AND p16 > 65,p12 > 45 AND p17 >= 65 AND p19 >= 65 AND p7 >= 45 AND p18 <= 65 AND p20 <= 60,0.2430177999776788,"{'parameter_weights': {'parameter_1': 1.0, 'parameter_n': 1.0}, 'tversky_weights': {'alpha': 0.9, 'beta': 0.1}, 'conditional_weights': {'given': 1.0, 'when': 1.0, 'then': 1.0}}"
0.7518173333333333,diagnosed_baseline,p1 >= 50 AND p2 >= 50 AND p3 >= 50 AND p4 >= 50 AND p5 >= 50,p6 >= 50 AND p7 >= 50 AND p8 >= 50 AND p9 >= 50 AND p10 >= 50,9,p1 >= 45 AND p2 < 65 AND p3 >= 55 AND p4 >= 40 AND p5 >= 45,p10 < 45 AND p6 <= 50 AND p7 >= 40 AND p8 >= 45 AND p9 >= 40,0.1160000000090804,"{'parameter_weights': {'parameter_1': 1.0, 'parameter_n': 1.0}, 'tversky_weights': {'alpha': 0.9, 'beta': 0.1}, 'conditional_weights': {'given': 1.0, 'when': 1.0, 'then': 1.0}}"
0.3986928104575163,diagnosed_baseline,p1 >= 50 AND p2 >= 50 AND p3 >= 50 AND p4 >= 50 AND p5 >= 50,p6 >= 50 AND p7 >= 50 AND p8 >= 50 AND p9 >= 50 AND p10 >= 50,10,p15 <= 60 AND p9 <= 65,p18 < 60 AND p11 > 60 AND p7 > 50 AND p16 >= 55 AND p14 <= 60 AND p1 > 50,0.2046344999980647,"{'parameter_weights': {'parameter_1': 1.0, 'parameter_n': 1.0}, 'tversky_weights': {'alpha': 0.9, 'beta': 0.1}, 'conditional_weights': {'given': 1.0, 'when': 1.0, 'then': 1.0}}"
0.5674033856209151,diagnosed_baseline,p1 >= 50 AND p2 >= 50 AND p3 >= 50 AND p4 >= 50 AND p5 >= 50,p6 >= 50 AND p7 >= 50 AND p8 >= 50 AND p9 >= 50 AND p10 >= 50,11,p1 < 45 AND p16 > 40 AND p2 <= 65 AND p3 <= 50 AND p4 <= 60 AND p5 >= 45,p10 > 65 AND p6 > 65 AND p7 < 65 AND p8 >= 55 AND p9 < 40,0.1244077000010293,"{'parameter_weights': {'parameter_1': 1.0, 'parameter_n': 1.0}, 'tversky_weights': {'alpha': 0.9, 'beta': 0.1}, 'conditional_weights': {'given': 1.0, 'when': 1.0, 'then': 1.0}}"
0.3333333333333333,diagnosed_baseline,p1 >= 50 AND p2 >= 50 AND p3 >= 50 AND p4 >= 50 AND p5 >= 50,p6 >= 50 AND p7 >= 50 AND p8 >= 50 AND p9 >= 50 AND p10 >= 50,12,p14 < 40 AND p12 >= 65,p18 <= 55 AND p1 < 45 AND p5 >= 50 AND p17 <= 40 AND p14 <= 65,0.17021519999252632,"{'parameter_weights': {'parameter_1': 1.0, 'parameter_n': 1.0}, 'tversky_weights': {'alpha': 0.9, 'beta': 0.1}, 'conditional_weights': {'given': 1.0, 'when': 1.0, 'then': 1.0}}"
0.3333333333333333,diagnosed_baseline,p1 >= 50 AND p2 >= 50 AND p3 >= 50 AND p4 >= 50 AND p5 >= 50,p6 >= 50 AND p7 >= 50 AND p8 >= 50 AND p9 >= 50 AND p10 >= 50,13,p5 < 50 AND p15 > 55 AND p2 <= 50,p19 >= 50 AND p17 <= 60 AND p6 <= 40 AND p13 <= 60 AND p8 >= 60,0.11559139998280443,"{'parameter_weights': {'parameter_1': 1.0, 'parameter_n': 1.0}, 'tversky_weights': {'alpha': 0.9, 'beta': 0.1}, 'conditional_weights': {'given': 1.0, 'when': 1.0, 'then': 1.0}}"
0.9067973856209152,diagnosed_baseline,p1 >= 50 AND p2 >= 50 AND p3 >= 50 AND p4 >= 50 AND p5 >= 50,p6 >= 50 AND p7 >= 50 AND p8 >= 50 AND p9 >= 50 AND p10 >= 50,14,p1 >= 55 AND p18 >= 55 AND p2 >= 60 AND p3 >= 50 AND p4 >= 50 AND p5 >= 60,p10 >= 60 AND p6 >= 60 AND p7 >= 55 AND p8 >= 55 AND p9 >= 60,0.11514079998596571,"{'parameter_weights': {'parameter_1': 1.0, 'parameter_n': 1.0}, 'tversky_weights': {'alpha': 0.9, 'beta': 0.1}, 'conditional_weights': {'given': 1.0, 'when': 1.0, 'then': 1.0}}"
0.3333333333333333,diagnosed_baseline,p1 >= 50 AND p2 >= 50 AND p3 >= 50 AND p4 >= 50 AND p5 >= 50,p6 >= 50 AND p7 >= 50 AND p8 >= 50 AND p9 >= 50 AND p10 >= 50,15,p19 >= 65 AND p18 >= 50 AND p1 > 65 AND p3 <= 40 AND p20 >= 50,p20 < 60 AND p15 < 65 AND p16 <= 40 AND p18 <= 55 AND p6 >= 65,0.15173509999294765,"{'parameter_weights': {'parameter_1': 1.0, 'parameter_n': 1.0}, 'tversky_weights': {'alpha': 0.9, 'beta': 0.1}, 'conditional_weights': {'given': 1.0, 'when': 1.0, 'then': 1.0}}"
0.3333333333333333,diagnosed_baseline,p1 >= 50 AND p2 >= 50 AND p3 >= 50 AND p4 >= 50 AND p5 >= 50,p6 >= 50 AND p7 >= 50 AND p8 >= 50 AND p9 >= 50 AND p10 >= 50,16,p14 > 40 AND p12 > 55 AND p15 < 60 AND p10 > 55,p9 <= 40 AND p2 <= 55,0.11545199999818578,"{'parameter_weights': {'parameter_1': 1.0, 'parameter_n': 1.0}, 'tversky_weights': {'alpha': 0.9, 'beta': 0.1}, 'conditional_weights': {'given': 1.0, 'when': 1.0, 'then': 1.0}}"
0.39999999999999997,diagnosed_baseline,p1 >= 50 AND p2 >= 50 AND p3 >= 50 AND p4 >= 50 AND p5 >= 50,p6 >= 50 AND p7 >= 50 AND p8 >= 50 AND p9 >= 50 AND p10 >= 50,17,p15 >= 60 AND p18 >= 50 AND p14 > 55 AND p13 <= 65 AND p4 < 45,p20 < 60 AND p15 > 55 AND p9 >= 50 AND p13 <= 65 AND p12 > 45,0.20133380001061596,"{'parameter_weights': {'parameter_1': 1.0, 'parameter_n': 1.0}, 'tversky_weights': {'alpha': 0.9, 'beta': 0.1}, 'conditional_weights': {'given': 1.0, 'when': 1.0, 'then': 1.0}}"
0.8634640522875818,diagnosed_baseline,p1 >= 50 AND p2 >= 50 AND p3 >= 50 AND p4 >= 50 AND p5 >= 50,p6 >= 50 AND p7 >= 50 AND p8 >= 50 AND p9 >= 50 AND p10 >= 50,18,p2 >= 55 AND p20 >= 50 AND p3 >= 55 AND p4 >= 60 AND p5 >= 60,p10 >= 50 AND p12 >= 60 AND p6 >= 55 AND p7 >= 55 AND p8 >= 50 AND p9 >= 50,0.16670830000657588,"{'parameter_weights': {'parameter_1': 1.0, 'parameter_n': 1.0}, 'tversky_weights': {'alpha': 0.9, 'beta': 0.1}, 'conditional_weights': {'given': 1.0, 'when': 1.0, 'then': 1.0}}"
0.46013071895424834,diagnosed_baseline,p1 >= 50 AND p2 >= 50 AND p3 >= 50 AND p4 >= 50 AND p5 >= 50,p6 >= 50 AND p7 >= 50 AND p8 >= 50 AND p9 >= 50 AND p10 >= 50,19,p1 < 55 AND p16 >= 65 AND p2 <= 50 AND p3 <= 40 AND p4 < 60 AND p5 <= 40,p10 <= 45 AND p6 > 55 AND p7 < 55 AND p8 > 55 AND p9 <= 45,0.12268069997662678,"{'parameter_weights': {'parameter_1': 1.0, 'parameter_n': 1.0}, 'tversky_weights': {'alpha': 0.9, 'beta': 0.1}, 'conditional_weights': {'given': 1.0, 'when': 1.0, 'then': 1.0}}"
0.946797385620915,diagnosed_baseline,p1 >= 50 AND p2 >= 50 AND p3 >= 50 AND p4 >= 50 AND p5 >= 50,p6 >= 50 AND p7 >= 50 AND p8 >= 50 AND p9 >= 50 AND p10 >= 50,20,p1 >= 50 AND p2 >= 50 AND p20 >= 60 AND p3 >= 55 AND p4 >= 55 AND p5 >= 55,p10 >= 50 AND p6 >= 50 AND p7 >= 60 AND p8 >= 50 AND p9 >= 60,0.10878840001532808,"{'parameter_weights': {'parameter_1': 1.0, 'parameter_n': 1.0}, 'tversky_weights': {'alpha': 0.9, 'beta': 0.1}, 'conditional_weights': {'given': 1.0, 'when': 1.0, 'then': 1.0}}"
0.6794946666666667,diagnosed_baseline,p1 >= 50 AND p2 >= 50 AND p3 >= 50 AND p4 >= 50 AND p5 >= 50,p6 >= 50 AND p7 >= 50 AND p8 >= 50 AND p9 >= 50 AND p10 >= 50,21,p1 >= 60 AND p2 > 60 AND p3 >= 65 AND p4 < 40 AND p5 <= 45,p10 >= 50 AND p6 < 55 AND p7 > 45 AND p8 > 40 AND p9 <= 60,0.10942349999095313,"{'parameter_weights': {'parameter_1': 1.0, 'parameter_n': 1.0}, 'tversky_weights': {'alpha': 0.9, 'beta': 0.1}, 'conditional_weights': {'given': 1.0, 'when': 1.0, 'then': 1.0}}"
0.8716666666666667,diagnosed_baseline,p1 >= 50 AND p2 >= 50 AND p3 >= 50 AND p4 >= 50 AND p5 >= 50,p6 >= 50 AND p7 >= 50 AND p8 >= 50 AND p9 >= 50 AND p10 >= 50,22,p1 >= 50 AND p2 >= 60 AND p3 >= 50 AND p4 >= 50 AND p5 >= 55,p10 >= 55 AND p20 >= 55 AND p7 >= 60 AND p8 >= 55 AND p9 >= 55,0.13337580001098104,"{'parameter_weights': {'parameter_1': 1.0, 'parameter_n': 1.0}, 'tversky_weights': {'alpha': 0.9, 'beta': 0.1}, 'conditional_weights': {'given': 1.0, 'when': 1.0, 'then': 1.0}}"
0.44294217687074827,diagnosed_baseline,p1 >= 50 AND p2 >= 50 AND p3 >= 50 AND p4 >= 50 AND p5 >= 50,p6 >= 50 AND p7 >= 50 AND p8 >= 50 AND p9 >= 50 AND p10 >= 50,23,p1 <= 65 AND p2 < 55 AND p3 < 50 AND p4 < 60 AND p5 > 65,p10 <= 60 AND p6 > 50 AND p7 <= 55 AND p9 <= 60,0.16829090000828728,"{'parameter_weights': {'parameter_1': 1.0, 'parameter_n': 1.0}, 'tversky_weights': {'alpha': 0.9, 'beta': 0.1}, 'conditional_weights': {'given': 1.0, 'when': 1.0, 'then': 1.0}}"
0.3333333333333333,diagnosed_baseline,p1 >= 50 AND p2 >= 50 AND p3 >= 50 AND p4 >= 50 AND p5 >= 50,p6 >= 50 AND p7 >= 50 AND p8 >= 50 AND p9 >= 50 AND p10 >= 50,24,p13 >= 45 AND p14 >= 45 AND p17 < 55 AND p20 > 60 AND p19 <= 50,p14 > 45 AND p15 < 65 AND p17 < 40 AND p7 > 60 AND p9 <= 40 AND p18 > 40,0.1724730999849271,"{'parameter_weights': {'parameter_1': 1.0, 'parameter_n': 1.0}, 'tversky_weights': {'alpha': 0.9, 'beta': 0.1}, 'conditional_weights': {'given': 1.0, 'when': 1.0, 'then': 1.0}}"
0.8171000522875816,diagnosed_baseline,p1 >= 50 AND p2 >= 50 AND p3 >= 50 AND p4 >= 50 AND p5 >= 50,p6 >= 50 AND p7 >= 50 AND p8 >= 50 AND p9 >= 50 AND p10 >= 50,25,p1 >= 50 AND p2 < 60 AND p3 > 45 AND p4 > 45 AND p5 > 60,p10 >= 45 AND p14 < 50 AND p6 >= 45 AND p7 > 45 AND p8 <= 45 AND p9 > 45,0.12281259999144822,"{'parameter_weights': {'parameter_1': 1.0, 'parameter_n': 1.0}, 'tversky_weights': {'alpha': 0.9, 'beta': 0.1}, 'conditional_weights': {'given': 1.0, 'when': 1.0, 'then': 1.0}}"
0.3333333333333333,diagnosed_baseline,p1 >= 50 AND p2 >= 50 AND p3 >= 50 AND p4 >= 50 AND p5 >= 50,p6 >= 50 AND p7 >= 50 AND p8 >= 50 AND p9 >= 50 AND p10 >= 50,26,p9 >= 55 AND p15 > 50,p13 <= 40 AND p9 <= 40 AND p10 >= 65 AND p4 <= 50,0.08576249997713603,"{'parameter_weights': {'parameter_1': 1.0, 'parameter_n': 1.0}, 'tversky_weights': {'alpha': 0.9, 'beta': 0.1}, 'conditional_weights': {'given': 1.0, 'when': 1.0, 'then': 1.0}}"
0.3333333333333333,diagnosed_baseline,p1 >= 50 AND p2 >= 50 AND p3 >= 50 AND p4 >= 50 AND p5 >= 50,p6 >= 50 AND p7 >= 50 AND p8 >= 50 AND p9 >= 50 AND p10 >= 50,27,p16 > 45 AND p8 <= 45 AND p13 > 60 AND p6 >= 65,p18 < 65 AND p11 <= 60 AND p12 > 40 AND p13 >= 40,0.09182649999274872,"{'parameter_weights': {'parameter_1': 1.0, 'parameter_n': 1.0}, 'tversky_weights': {'alpha': 0.9, 'beta': 0.1}, 'conditional_weights': {'given': 1.0, 'when': 1.0, 'then': 1.0}}"
0.3333333333333333,diagnosed_baseline,p1 >= 50 AND p2 >= 50 AND p3 >= 50 AND p4 >= 50 AND p5 >= 50,p6 >= 50 AND p7 >= 50 AND p8 >= 50 AND p9 >= 50 AND p10 >= 50,28,p5 <= 65 AND p14 <= 60 AND p8 > 40 AND p17 < 50 AND p2 <= 40,p9 <= 40 AND p6 <= 45 AND p12 >= 45,0.09961509998538531,"{'parameter_weights': {'parameter_1': 1.0, 'parameter_n': 1.0}, 'tversky_weights': {'alpha': 0.9, 'beta': 0.1}, 'conditional_weights': {'given': 1.0, 'when': 1.0, 'then': 1.0}}"
0.3333333333333333,diagnosed_baseline,p1 >= 50 AND p2 >= 50 AND p3 >= 50 AND p4 >= 50 AND p5 >= 50,p6 >= 50 AND p7 >= 50 AND p8 >= 50 AND p9 >= 50 AND p10 >= 50,29,p16 > 60 AND p15 < 55 AND p18 <= 40,p16 <= 45 AND p9 <= 60 AND p20 > 65 AND p15 <= 40,0.08474419999402016,"{'parameter_weights': {'parameter_1': 1.0, 'parameter_n': 1.0}, 'tversky_weights': {'alpha': 0.9, 'beta': 0.1}, 'conditional_weights': {'given': 1.0, 'when': 1.0, 'then': 1.0}}"
0.7146760522875817,diagnosed_baseline,p1 >= 50 AND p2 >= 50 AND p3 >= 50 AND p4 >= 50 AND p5 >= 50,p6 >= 50 AND p7 >= 50 AND p8 >= 50 AND p9 >= 50 AND p10 >= 50,30,p1 >= 55 AND p17 <= 60 AND p2 > 60 AND p3 > 45 AND p4 >= 45 AND p5 < 55,p10 < 55 AND p6 < 60 AND p7 >= 65 AND p8 > 65 AND p9 >= 65,0.14872520000790246,"{'parameter_weights': {'parameter_1': 1.0, 'parameter_n': 1.0}, 'tversky_weights': {'alpha': 0.9, 'beta': 0.1}, 'conditional_weights': {'given': 1.0, 'when': 1.0, 'then': 1.0}}"
0.614504977324263,diagnosed_baseline,p1 >= 50 AND p2 >= 50 AND p3 >= 50 AND p4 >= 50 AND p5 >= 50,p6 >= 50 AND p7 >= 50 AND p8 >= 50 AND p9 >= 50 AND p10 >= 50,31,p1 >= 40 AND p3 > 45 AND p5 > 55 AND p17 > 55 AND p18 < 65,p15 > 65 AND p6 > 45 AND p17 > 60 AND p10 > 50,0.09676070002024062,"{'parameter_weights': {'parameter_1': 1.0, 'parameter_n': 1.0}, 'tversky_weights': {'alpha': 0.9, 'beta': 0.1}, 'conditional_weights': {'given': 1.0, 'when': 1.0, 'then': 1.0}}"
0.36944444444444446,diagnosed_baseline,p1 >= 50 AND p2 >= 50 AND p3 >= 50 AND p4 >= 50 AND p5 >= 50,p6 >= 50 AND p7 >= 50 AND p8 >= 50 AND p9 >= 50 AND p10 >= 50,32,p17 <= 45 AND p18 < 60 AND p4 > 55,p13 < 60 AND p19 <= 50 AND p15 >= 55 AND p16 >= 60 AND p12 < 60 AND p8 > 60,0.086276199988788,"{'parameter_weights': {'parameter_1': 1.0, 'parameter_n': 1.0}, 'tversky_weights': {'alpha': 0.9, 'beta': 0.1}, 'conditional_weights': {'given': 1.0, 'when': 1.0, 'then': 1.0}}"
0.7461613333333333,diagnosed_baseline,p1 >= 50 AND p2 >= 50 AND p3 >= 50 AND p4 >= 50 AND p5 >= 50,p6 >= 50 AND p7 >= 50 AND p8 >= 50 AND p9 >= 50 AND p10 >= 50,33,p1 >= 55 AND p2 >= 60 AND p3 < 40 AND p4 >= 60 AND p5 <= 45,p10 >= 45 AND p6 >= 40 AND p7 > 50 AND p8 <= 55 AND p9 >= 55,0.12945189999300055,"{'parameter_weights': {'parameter_1': 1.0, 'parameter_n': 1.0}, 'tversky_weights': {'alpha': 0.9, 'beta': 0.1}, 'conditional_weights': {'given': 1.0, 'when': 1.0, 'then': 1.0}}"
0.9001307189542485,diagnosed_baseline,p1 >= 50 AND p2 >= 50 AND p3 >= 50 AND p4 >= 50 AND p5 >= 50,p6 >= 50 AND p7 >= 50 AND p8 >= 50 AND p9 >= 50 AND p10 >= 50,34,p1 >= 60 AND p2 >= 60 AND p3 >= 60 AND p4 >= 60 AND p5 >= 55,p10 >= 55 AND p16 >= 60 AND p6 >= 60 AND p7 >= 50 AND p8 >= 60 AND p9 >= 50,0.11495290001039393,"{'parameter_weights': {'parameter_1': 1.0, 'parameter_n': 1.0}, 'tversky_weights': {'alpha': 0.9, 'beta': 0.1}, 'conditional_weights': {'given': 1.0, 'when': 1.0, 'then': 1.0}}"
0.4042553191489362,diagnosed_baseline,p1 >= 50 AND p2 >= 50 AND p3 >= 50 AND p4 >= 50 AND p5 >= 50,p6 >= 50 AND p7 >= 50 AND p8 >= 50 AND p9 >= 50 AND p10 >= 50,35,p17 > 60 AND p19 > 55 AND p14 >= 55,p16 >= 55 AND p7 > 50,0.10563070001080632,"{'parameter_weights': {'parameter_1': 1.0, 'parameter_n': 1.0}, 'tversky_weights': {'alpha': 0.9, 'beta': 0.1}, 'conditional_weights': {'given': 1.0, 'when': 1.0, 'then': 1.0}}"
0.3333333333333333,diagnosed_baseline,p1 >= 50 AND p2 >= 50 AND p3 >= 50 AND p4 >= 50 AND p5 >= 50,p6 >= 50 AND p7 >= 50 AND p8 >= 50 AND p9 >= 50 AND p10 >= 50,36,p8 >= 55 AND p4 <= 55 AND p10 <= 50 AND p6 < 40 AND p11 <= 65,p15 < 65 AND p5 > 45 AND p9 >= 60 AND p13 < 50 AND p12 > 55,0.09969650002312846,"{'parameter_weights': {'parameter_1': 1.0, 'parameter_n': 1.0}, 'tversky_weights': {'alpha': 0.9, 'beta': 0.1}, 'conditional_weights': {'given': 1.0, 'when': 1.0, 'then': 1.0}}"
0.6307367189542484,diagnosed_baseline,p1 >= 50 AND p2 >= 50 AND p3 >= 50 AND p4 >= 50 AND p5 >= 50,p6 >= 50 AND p7 >= 50 AND p8 >= 50 AND p9 >= 50 AND p10 >= 50,37,p1 < 65 AND p2 <= 60 AND p3 >= 65 AND p4 < 40 AND p5 >= 50,p10 < 40 AND p15 >= 40 AND p6 < 60 AND p7 > 65 AND p8 >= 55 AND p9 > 45,0.10252090002177283,"{'parameter_weights': {'parameter_1': 1.0, 'parameter_n': 1.0}, 'tversky_weights': {'alpha': 0.9, 'beta': 0.1}, 'conditional_weights': {'given': 1.0, 'when': 1.0, 'then': 1.0}}"
0.8616666666666667,diagnosed_baseline,p1 >= 50 AND p2 >= 50 AND p3 >= 50 AND p4 >= 50 AND p5 >= 50,p6 >= 50 AND p7 >= 50 AND p8 >= 50 AND p9 >= 50 AND p10 >= 50,38,p1 >= 55 AND p2 >= 60 AND p3 >= 60 AND p4 >= 50 AND p5 >= 60,p10 >= 55 AND p15 >= 55 AND p6 >= 60 AND p7 >= 50 AND p9 >= 50,0.1166627999919001,"{'parameter_weights': {'parameter_1': 1.0, 'parameter_n': 1.0}, 'tversky_weights': {'alpha': 0.9, 'beta': 0.1}, 'conditional_weights': {'given': 1.0, 'when': 1.0, 'then': 1.0}}"
0.3333333333333333,diagnosed_baseline,p1 >= 50 AND p2 >= 50 AND p3 >= 50 AND p4 >= 50 AND p5 >= 50,p6 >= 50 AND p7 >= 50 AND p8 >= 50 AND p9 >= 50 AND p10 >= 50,39,p16 <= 45 AND p13 < 45 AND p1 >= 50 AND p3 < 55 AND p14 >= 50,p8 < 60 AND p18 >= 45 AND p19 < 50,0.17427829999360256,"{'parameter_weights': {'parameter_1': 1.0, 'parameter_n': 1.0}, 'tversky_weights': {'alpha': 0.9, 'beta': 0.1}, 'conditional_weights': {'given': 1.0, 'when': 1.0, 'then': 1.0}}"
0.3333333333333333,diagnosed_baseline,p1 >= 50 AND p2 >= 50 AND p3 >= 50 AND p4 >= 50 AND p5 >= 50,p6 >= 50 AND p7 >= 50 AND p8 >= 50 AND p9 >= 50 AND p10 >= 50,40,p7 > 55 AND p6 > 45 AND p19 < 55 AND p18 <= 40 AND p11 > 40 AND p8 <= 55,p3 >= 55 AND p7 > 40 AND p11 <= 65 AND p10 < 50,0.10003950001555495,"{'parameter_weights': {'parameter_1': 1.0, 'parameter_n': 1.0}, 'tversky_weights': {'alpha': 0.9, 'beta': 0.1}, 'conditional_weights': {'given': 1.0, 'when': 1.0, 'then': 1.0}}"
0.3333333333333333,diagnosed_baseline,p1 >= 50 AND p2 >= 50 AND p3 >= 50 AND p4 >= 50 AND p5 >= 50,p6 >= 50 AND p7 >= 50 AND p8 >= 50 AND p9 >= 50 AND p10 >= 50,41,p10 <= 55 AND p11 >= 45 AND p12 >= 45 AND p14 <= 60,p11 > 60 AND p19 >= 40 AND p5 <= 50 AND p1 < 60,0.08468250001897104,"{'parameter_weights': {'parameter_1': 1.0, 'parameter_n': 1.0}, 'tversky_weights': {'alpha': 0.9, 'beta': 0.1}, 'conditional_weights': {'given': 1.0, 'when': 1.0, 'then': 1.0}}"
0.5912755102040816,diagnosed_baseline,p1 >= 50 AND p2 >= 50 AND p3 >= 50 AND p4 >= 50 AND p5 >= 50,p6 >= 50 AND p7 >= 50 AND p8 >= 50 AND p9 >= 50 AND p10 >= 50,42,p1 > 55 AND p2 >= 55 AND p3 >= 55 AND p4 < 55 AND p5 <= 60,p6 >= 65 AND p7 > 65 AND p8 < 40 AND p9 <= 65,0.2033604999887757,"{'parameter_weights': {'parameter_1': 1.0, 'parameter_n': 1.0}, 'tversky_weights': {'alpha': 0.9, 'beta': 0.1}, 'conditional_weights': {'given': 1.0, 'when': 1.0, 'then': 1.0}}"
0.3333333333333333,diagnosed_baseline,p1 >= 50 AND p2 >= 50 AND p3 >= 50 AND p4 >= 50 AND p5 >= 50,p6 >= 50 AND p7 >= 50 AND p8 >= 50 AND p9 >= 50 AND p10 >= 50,43,p13 <= 45 AND p2 <= 55 AND p3 < 65,p11 >= 60 AND p18 < 65 AND p20 > 60 AND p16 > 60,0.16283479999401607,"{'parameter_weights': {'parameter_1': 1.0, 'parameter_n': 1.0}, 'tversky_weights': {'alpha': 0.9, 'beta': 0.1}, 'conditional_weights': {'given': 1.0, 'when': 1.0, 'then': 1.0}}"
0.8401307189542484,diagnosed_baseline,p1 >= 50 AND p2 >= 50 AND p3 >= 50 AND p4 >= 50 AND p5 >= 50,p6 >= 50 AND p7 >= 50 AND p8 >= 50 AND p9 >= 50 AND p10 >= 50,44,p1 >= 55 AND p13 >= 50 AND p2 >= 60 AND p3 >= 55 AND p4 >= 60 AND p5 >= 60,p10 >= 55 AND p16 >= 60 AND p7 >= 55 AND p8 >= 50 AND p9 >= 60,0.15255359999719076,"{'parameter_weights': {'parameter_1': 1.0, 'parameter_n': 1.0}, 'tversky_weights': {'alpha': 0.9, 'beta': 0.1}, 'conditional_weights': {'given': 1.0, 'when': 1.0, 'then': 1.0}}"
0.430718954248366,diagnosed_baseline,p1 >= 50 AND p2 >= 50 AND p3 >= 50 AND p4 >= 50 AND p5 >= 50,p6 >= 50 AND p7 >= 50 AND p8 >= 50 AND p9 >= 50 AND p10 >= 50,45,p1 > 40 AND p19 < 40 AND p15 >= 55 AND p18 > 55 AND p13 <= 55 AND p3 < 55,p15 > 50 AND p8 > 50 AND p7 >= 60 AND p12 > 55 AND p13 >= 50 AND p14 < 40,0.12561599997570738,"{'parameter_weights': {'parameter_1': 1.0, 'parameter_n': 1.0}, 'tversky_weights': {'alpha': 0.9, 'beta': 0.1}, 'conditional_weights': {'given': 1.0, 'when': 1.0, 'then': 1.0}}"
0.4222222222222222,diagnosed_baseline,p1 >= 50 AND p2 >= 50 AND p3 >= 50 AND p4 >= 50 AND p5 >= 50,p6 >= 50 AND p7 >= 50 AND p8 >= 50 AND p9 >= 50 AND p10 >= 50,46,p1 >= 50 AND p11 < 60 AND p3 >= 65,p2 >= 40 AND p4 <= 65 AND p7 < 45 AND p17 < 45 AND p10 >= 60 AND p13 >= 65,0.0958309999841731,"{'parameter_weights': {'parameter_1': 1.0, 'parameter_n': 1.0}, 'tversky_weights': {'alpha': 0.9, 'beta': 0.1}, 'conditional_weights': {'given': 1.0, 'when': 1.0, 'then': 1.0}}"
0.8550000000000001,diagnosed_baseline,p1 >= 50 AND p2 >= 50 AND p3 >= 50 AND p4 >= 50 AND p5 >= 50,p6 >= 50 AND p7 >= 50 AND p8 >= 50 AND p9 >= 50 AND p10 >= 50,47,p1 >= 50 AND p2 >= 60 AND p3 >= 60 AND p4 >= 60 AND p5 >= 60,p10 >= 60 AND p19 >= 50 AND p6 >= 55 AND p7 >= 50 AND p8 >= 50,0.10775789999752305,"{'parameter_weights': {'parameter_1': 1.0, 'parameter_n': 1.0}, 'tversky_weights': {'alpha': 0.9, 'beta': 0.1}, 'conditional_weights': {'given': 1.0, 'when': 1.0, 'then': 1.0}}"
0.5257073202614378,diagnosed_baseline,p1 >= 50 AND p2 >= 50 AND p3 >= 50 AND p4 >= 50 AND p5 >= 50,p6 >= 50 AND p7 >= 50 AND p8 >= 50 AND p9 >= 50 AND p10 >= 50,48,p13 > 40 AND p17 <= 45 AND p3 < 40 AND p16 < 55 AND p5 >= 60 AND p1 >= 50,p8 > 65 AND p7 > 40 AND p6 > 40 AND p20 > 50 AND p17 >= 65,0.13497040001675487,"{'parameter_weights': {'parameter_1': 1.0, 'parameter_n': 1.0}, 'tversky_weights': {'alpha': 0.9, 'beta': 0.1}, 'conditional_weights': {'given': 1.0, 'when': 1.0, 'then': 1.0}}"
0.3361111111111111,diagnosed_baseline,p1 >= 50 AND p2 >= 50 AND p3 >= 50 AND p4 >= 50 AND p5 >= 50,p6 >= 50 AND p7 >= 50 AND p8 >= 50 AND p9 >= 50 AND p10 >= 50,49,p20 <= 60 AND p4 > 60 AND p13 <= 40,p7 > 60 AND p8 <= 45 AND p14 > 55 AND p20 < 55,0.09777530000428669,"{'parameter_weights': {'parameter_1': 1.0, 'parameter_n': 1.0}, 'tversky_weights': {'alpha': 0.9, 'beta': 0.1}, 'conditional_weights': {'given': 1.0, 'when': 1.0, 'then': 1.0}}"
0.7833333333333333,diagnosed_baseline,p1 >= 50 AND p2 >= 50 AND p3 >= 50 AND p4 >= 50 AND p5 >= 50,p6 >= 50 AND p7 >= 50 AND p8 >= 50 AND p9 >= 50 AND p10 >= 50,50,p17 >= 55 AND p2 >= 50 AND p3 >= 60 AND p4 >= 60 AND p5 >= 55,p10 >= 60 AND p20 >= 50 AND p6 >= 55 AND p7 >= 60 AND p9 >= 50,0.11670700000831857,"{'parameter_weights': {'parameter_1': 1.0, 'parameter_n': 1.0}, 'tversky_weights': {'alpha': 0.9, 'beta': 0.1}, 'conditional_weights': {'given': 1.0, 'when': 1.0, 'then': 1.0}}"
0.3333333333333333,diagnosed_baseline,p1 >= 50 AND p2 >= 50 AND p3 >= 50 AND p4 >= 50 AND p5 >= 50,p6 >= 50 AND p7 >= 50 AND p8 >= 50 AND p9 >= 50 AND p10 >= 50,51,p2 >= 50 AND p5 < 65 AND p3 < 40 AND p15 < 55 AND p20 >= 60 AND p14 > 40 AND p17 >= 45,p8 <= 45 AND p14 > 55 AND p19 <= 45,0.15161030000308529,"{'parameter_weights': {'parameter_1': 1.0, 'parameter_n': 1.0}, 'tversky_weights': {'alpha': 0.9, 'beta': 0.1}, 'conditional_weights': {'given': 1.0, 'when': 1.0, 'then': 1.0}}"
0.6356860522875817,diagnosed_baseline,p1 >= 50 AND p2 >= 50 AND p3 >= 50 AND p4 >= 50 AND p5 >= 50,p6 >= 50 AND p7 >= 50 AND p8 >= 50 AND p9 >= 50 AND p10 >= 50,52,p1 > 40 AND p19 <= 65 AND p2 > 65 AND p3 >= 65 AND p4 >= 50 AND p5 < 65,p10 <= 65 AND p6 <= 65 AND p7 >= 55 AND p8 <= 45 AND p9 < 55,0.13839279999956489,"{'parameter_weights': {'parameter_1': 1.0, 'parameter_n': 1.0}, 'tversky_weights': {'alpha': 0.9, 'beta': 0.1}, 'conditional_weights': {'given': 1.0, 'when': 1.0, 'then': 1.0}}"
0.3333333333333333,diagnosed_baseline,p1 >= 50 AND p2 >= 50 AND p3 >= 50 AND p4 >= 50 AND p5 >= 50,p6 >= 50 AND p7 >= 50 AND p8 >= 50 AND p9 >= 50 AND p10 >= 50,53,p1 <= 40 AND p19 <= 50 AND p14 >= 55 AND p3 <= 60 AND p15 < 55,p7 < 45 AND p19 <= 60 AND p12 > 50 AND p6 <= 55 AND p15 >= 45,0.1397043000033591,"{'parameter_weights': {'parameter_1': 1.0, 'parameter_n': 1.0}, 'tversky_weights': {'alpha': 0.9, 'beta': 0.1}, 'conditional_weights': {'given': 1.0, 'when': 1.0, 'then': 1.0}}"
0.3333333333333333,diagnosed_baseline,p1 >= 50 AND p2 >= 50 AND p3 >= 50 AND p4 >= 50 AND p5 >= 50,p6 >= 50 AND p7 >= 50 AND p8 >= 50 AND p9 >= 50 AND p10 >= 50,54,p9 >= 60 AND p19 >= 55 AND p2 < 65 AND p18 <= 65,p9 >= 50 AND p8 < 40 AND p3 <= 65 AND p12 < 55 AND p7 <= 60 AND p16 > 55,0.14719799999147654,"{'parameter_weights': {'parameter_1': 1.0, 'parameter_n': 1.0}, 'tversky_weights': {'alpha': 0.9, 'beta': 0.1}, 'conditional_weights': {'given': 1.0, 'when': 1.0, 'then': 1.0}}"
0.3333333333333333,diagnosed_baseline,p1 >= 50 AND p2 >= 50 AND p3 >= 50 AND p4 >= 50 AND p5 >= 50,p6 >= 50 AND p7 >= 50 AND p8 >= 50 AND p9 >= 50 AND p10 >= 50,55,p20 > 45 AND p1 <= 55,p3 < 40 AND p18 <= 45 AND p17 >= 60 AND p13 > 55 AND p4 > 40 AND p2 >= 55,0.09109060000628233,"{'parameter_weights': {'parameter_1': 1.0, 'parameter_n': 1.0}, 'tversky_weights': {'alpha': 0.9, 'beta': 0.1}, 'conditional_weights': {'given': 1.0, 'when': 1.0, 'then': 1.0}}"
0.3333333333333333,diagnosed_baseline,p1 >= 50 AND p2 >= 50 AND p3 >= 50 AND p4 >= 50 AND p5 >= 50,p6 >= 50 AND p7 >= 50 AND p8 >= 50 AND p9 >= 50 AND p10 >= 50,56,p2 >= 40 AND p17 < 50 AND p1 <= 40 AND p13 > 60 AND p12 >= 45,p17 > 40 AND p10 <= 65 AND p12 > 55 AND p7 >= 45 AND p6 <= 55 AND p15 > 50,0.18879099999321625,"{'parameter_weights': {'parameter_1': 1.0, 'parameter_n': 1.0}, 'tversky_weights': {'alpha': 0.9, 'beta': 0.1}, 'conditional_weights': {'given': 1.0, 'when': 1.0, 'then': 1.0}}"
0.46938775510204084,diagnosed_baseline,p1 >= 50 AND p2 >= 50 AND p3 >= 50 AND p4 >= 50 AND p5 >= 50,p6 >= 50 AND p7 >= 50 AND p8 >= 50 AND p9 >= 50 AND p10 >= 50,57,p3 > 50 AND p18 <= 65 AND p4 >= 50 AND p13 >= 45,p9 > 65 AND p2 <= 55 AND p17 >= 60,0.1063805999874603,"{'parameter_weights': {'parameter_1': 1.0, 'parameter_n': 1.0}, 'tversky_weights': {'alpha': 0.9, 'beta': 0.1}, 'conditional_weights': {'given': 1.0, 'when': 1.0, 'then': 1.0}}"
0.9201307189542485,diagnosed_baseline,p1 >= 50 AND p2 >= 50 AND p3 >= 50 AND p4 >= 50 AND p5 >= 50,p6 >= 50 AND p7 >= 50 AND p8 >= 50 AND p9 >= 50 AND p10 >= 50,58,p1 >= 60 AND p2 >= 50 AND p3 >= 60 AND p4 >= 60 AND p5 >= 55,p10 >= 55 AND p18 >= 60 AND p6 >= 50 AND p7 >= 50 AND p8 >= 55 AND p9 >= 60,0.10929360002046451,"{'parameter_weights': {'parameter_1': 1.0, 'parameter_n': 1.0}, 'tversky_weights': {'alpha': 0.9, 'beta': 0.1}, 'conditional_weights': {'given': 1.0, 'when': 1.0, 'then': 1.0}}"
0.6862920522875817,diagnosed_baseline,p1 >= 50 AND p2 >= 50 AND p3 >= 50 AND p4 >= 50 AND p5 >= 50,p6 >= 50 AND p7 >= 50 AND p8 >= 50 AND p9 >= 50 AND p10 >= 50,59,p1 > 60 AND p13 <= 60 AND p2 >= 50 AND p3 <= 40 AND p4 >= 50 AND p5 >= 65,p10 >= 45 AND p6 < 65 AND p7 <= 50 AND p8 > 40 AND p9 < 50,0.12119069998152554,"{'parameter_weights': {'parameter_1': 1.0, 'parameter_n': 1.0}, 'tversky_weights': {'alpha': 0.9, 'beta': 0.1}, 'conditional_weights': {'given': 1.0, 'when': 1.0, 'then': 1.0}}"
0.5822219999999999,diagnosed_baseline,p1 >= 50 AND p2 >= 50 AND p3 >= 50 AND p4 >= 50 AND p5 >= 50,p6 >= 50 AND p7 >= 50 AND p8 >= 50 AND p9 >= 50 AND p10 >= 50,60,p1 < 55 AND p2 > 55 AND p3 < 50 AND p4 >= 65 AND p5 < 65,p10 < 40 AND p6 < 60 AND p7 >= 40 AND p8 < 60 AND p9 > 55,0.12267760001122952,"{'parameter_weights': {'parameter_1': 1.0, 'parameter_n': 1.0}, 'tversky_weights': {'alpha': 0.9, 'beta': 0.1}, 'conditional_weights': {'given': 1.0, 'when': 1.0, 'then': 1.0}}"
0.3333333333333333,diagnosed_baseline,p1 >= 50 AND p2 >= 50 AND p3 >= 50 AND p4 >= 50 AND p5 >= 50,p6 >= 50 AND p7 >= 50 AND p8 >= 50 AND p9 >= 50 AND p10 >= 50,61,p12 >= 55 AND p4 < 40 AND p15 > 45,p12 <= 40 AND p18 > 40 AND p13 > 55 AND p9 < 45 AND p16 < 40 AND p14 > 50 AND p19 >= 65,0.1289212999981828,"{'parameter_weights': {'parameter_1': 1.0, 'parameter_n': 1.0}, 'tversky_weights': {'alpha': 0.9, 'beta': 0.1}, 'conditional_weights': {'given': 1.0, 'when': 1.0, 'then': 1.0}}"
0.6491200522875817,diagnosed_baseline,p1 >= 50 AND p2 >= 50 AND p3 >= 50 AND p4 >= 50 AND p5 >= 50,p6 >= 50 AND p7 >= 50 AND p8 >= 50 AND p9 >= 50 AND p10 >= 50,62,p1 <= 65 AND p2 >= 40 AND p20 > 55 AND p3 <= 50 AND p4 >= 50 AND p5 < 45,p10 >= 45 AND p6 >= 45 AND p7 < 55 AND p8 >= 40 AND p9 < 65,0.17179560000658967,"{'parameter_weights': {'parameter_1': 1.0, 'parameter_n': 1.0}, 'tversky_weights': {'alpha': 0.9, 'beta': 0.1}, 'conditional_weights': {'given': 1.0, 'when': 1.0, 'then': 1.0}}"
0.8516666666666667,diagnosed_baseline,p1 >= 50 AND p2 >= 50 AND p3 >= 50 AND p4 >= 50 AND p5 >= 50,p6 >= 50 AND p7 >= 50 AND p8 >= 50 AND p9 >= 50 AND p10 >= 50,63,p1 >= 55 AND p14 >= 50 AND p2 >= 55 AND p4 >= 55 AND p5 >= 60,p10 >= 55 AND p6 >= 60 AND p7 >= 55 AND p8 >= 50 AND p9 >= 60,0.11061500001233071,"{'parameter_weights': {'parameter_1': 1.0, 'parameter_n': 1.0}, 'tversky_weights': {'alpha': 0.9, 'beta': 0.1}, 'conditional_weights': {'given': 1.0, 'when': 1.0, 'then': 1.0}}"
0.8766666666666666,diagnosed_baseline,p1 >= 50 AND p2 >= 50 AND p3 >= 50 AND p4 >= 50 AND p5 >= 50,p6 >= 50 AND p7 >= 50 AND p8 >= 50 AND p9 >= 50 AND p10 >= 50,64,p1 >= 60 AND p2 >= 55 AND p3 >= 50 AND p4 >= 60 AND p5 >= 55,p10 >= 55 AND p18 >= 60 AND p6 >= 50 AND p7 >= 55 AND p8 >= 50,0.16795980001916178,"{'parameter_weights': {'parameter_1': 1.0, 'parameter_n': 1.0}, 'tversky_weights': {'alpha': 0.9, 'beta': 0.1}, 'conditional_weights': {'given': 1.0, 'when': 1.0, 'then': 1.0}}"
0.4851477576671693,diagnosed_baseline,p1 >= 50 AND p2 >= 50 AND p3 >= 50 AND p4 >= 50 AND p5 >= 50,p6 >= 50 AND p7 >= 50 AND p8 >= 50 AND p9 >= 50 AND p10 >= 50,65,p2 > 55 AND p15 <= 50 AND p5 > 55 AND p14 < 55 AND p17 < 45 AND p12 < 45,p8 >= 45 AND p13 > 45 AND p12 > 60 AND p6 >= 65 AND p10 < 65 AND p18 < 50 AND p16 >= 65,0.1426140999828931,"{'parameter_weights': {'parameter_1': 1.0, 'parameter_n': 1.0}, 'tversky_weights': {'alpha': 0.9, 'beta': 0.1}, 'conditional_weights': {'given': 1.0, 'when': 1.0, 'then': 1.0}}"
0.38888833333333334,diagnosed_baseline,p1 >= 50 AND p2 >= 50 AND p3 >= 50 AND p4 >= 50 AND p5 >= 50,p6 >= 50 AND p7 >= 50 AND p8 >= 50 AND p9 >= 50 AND p10 >= 50,66,p4 >= 40 AND p5 > 65 AND p14 >= 40 AND p18 > 55 AND p12 <= 40,p7 <= 40 AND p14 < 60 AND p15 < 55 AND p16 <= 55 AND p18 <= 60 AND p6 <= 55,0.09841980002238415,"{'parameter_weights': {'parameter_1': 1.0, 'parameter_n': 1.0}, 'tversky_weights': {'alpha': 0.9, 'beta': 0.1}, 'conditional_weights': {'given': 1.0, 'when': 1.0, 'then': 1.0}}"
0.8367973856209151,diagnosed_baseline,p1 >= 50 AND p2 >= 50 AND p3 >= 50 AND p4 >= 50 AND p5 >= 50,p6 >= 50 AND p7 >= 50 AND p8 >= 50 AND p9 >= 50 AND p10 >= 50,67,p1 >= 60 AND p2 >= 55 AND p20 >= 55 AND p3 >= 60 AND p4 >= 50 AND p5 >= 55,p10 >= 60 AND p13 >= 55 AND p6 >= 55 AND p7 >= 60 AND p8 >= 55,0.11606599998776801,"{'parameter_weights': {'parameter_1': 1.0, 'parameter_n': 1.0}, 'tversky_weights': {'alpha': 0.9, 'beta': 0.1}, 'conditional_weights': {'given': 1.0, 'when': 1.0, 'then': 1.0}}"
0.3333333333333333,diagnosed_baseline,p1 >= 50 AND p2 >= 50 AND p3 >= 50 AND p4 >= 50 AND p5 >= 50,p6 >= 50 AND p7 >= 50 AND p8 >= 50 AND p9 >= 50 AND p10 >= 50,68,p11 > 45 AND p13 >= 50 AND p10 <= 40,p20 < 45 AND p8 < 50 AND p3 <= 55,0.09217220000573434,"{'parameter_weights': {'parameter_1': 1.0, 'parameter_n': 1.0}, 'tversky_weights': {'alpha': 0.9, 'beta': 0.1}, 'conditional_weights': {'given': 1.0, 'when': 1.0, 'then': 1.0}}"
0.9334640522875817,diagnosed_baseline,p1 >= 50 AND p2 >= 50 AND p3 >= 50 AND p4 >= 50 AND p5 >= 50,p6 >= 50 AND p7 >= 50 AND p8 >= 50 AND p9 >= 50 AND p10 >= 50,69,p1 >= 55 AND p2 >= 55 AND p3 >= 55 AND p4 >= 60 AND p5 >= 50,p10 >= 50 AND p17 >= 55 AND p6 >= 60 AND p7 >= 55 AND p8 >= 55 AND p9 >= 50,0.11127019999548793,"{'parameter_weights': {'parameter_1': 1.0, 'parameter_n': 1.0}, 'tversky_weights': {'alpha': 0.9, 'beta': 0.1}, 'conditional_weights': {'given': 1.0, 'when': 1.0, 'then': 1.0}}"
0.8734640522875817,diagnosed_baseline,p1 >= 50 AND p2 >= 50 AND p3 >= 50 AND p4 >= 50 AND p5 >= 50,p6 >= 50 AND p7 >= 50 AND p8 >= 50 AND p9 >= 50 AND p10 >= 50,70,p1 >= 50 AND p12 >= 55 AND p2 >= 55 AND p3 >= 50 AND p4 >= 60 AND p5 >= 50,p10 >= 50 AND p16 >= 60 AND p7 >= 55 AND p8 >= 55 AND p9 >= 60,0.18485590000636876,"{'parameter_weights': {'parameter_1': 1.0, 'parameter_n': 1.0}, 'tversky_weights': {'alpha': 0.9, 'beta': 0.1}, 'conditional_weights': {'given': 1.0, 'when': 1.0, 'then': 1.0}}"
0.36944444444444446,diagnosed_baseline,p1 >= 50 AND p2 >= 50 AND p3 >= 50 AND p4 >= 50 AND p5 >= 50,p6 >= 50 AND p7 >= 50 AND p8 >= 50 AND p9 >= 50 AND p10 >= 50,71,p18 <= 45 AND p4 >= 55 AND p15 >= 40,p1 < 65 AND p17 >= 65 AND p19 <= 40 AND p20 <= 45,0.10890749999089167,"{'parameter_weights': {'parameter_1': 1.0, 'parameter_n': 1.0}, 'tversky_weights': {'alpha': 0.9, 'beta': 0.1}, 'conditional_weights': {'given': 1.0, 'when': 1.0, 'then': 1.0}}"
0.4416094217687075,diagnosed_baseline,p1 >= 50 AND p2 >= 50 AND p3 >= 50 AND p4 >= 50 AND p5 >= 50,p6 >= 50 AND p7 >= 50 AND p8 >= 50 AND p9 >= 50 AND p10 >= 50,72,p17 > 50 AND p20 <= 45 AND p5 <= 65 AND p1 < 45 AND p4 > 45 AND p15 >= 65,p20 < 60 AND p19 <= 65 AND p7 > 50 AND p8 > 40,0.1775701000005938,"{'parameter_weights': {'parameter_1': 1.0, 'parameter_n': 1.0}, 'tversky_weights': {'alpha': 0.9, 'beta': 0.1}, 'conditional_weights': {'given': 1.0, 'when': 1.0, 'then': 1.0}}"
0.676797385620915,diagnosed_baseline,p1 >= 50 AND p2 >= 50 AND p3 >= 50 AND p4 >= 50 AND p5 >= 50,p6 >= 50 AND p7 >= 50 AND p8 >= 50 AND p9 >= 50 AND p10 >= 50,73,p1 > 55 AND p2 < 60 AND p20 >= 55 AND p3 >= 65 AND p4 < 55 AND p5 > 65,p10 > 60 AND p6 <= 55 AND p7 <= 55 AND p8 > 55 AND p9 > 50,0.12560060000396334,"{'parameter_weights': {'parameter_1': 1.0, 'parameter_n': 1.0}, 'tversky_weights': {'alpha': 0.9, 'beta': 0.1}, 'conditional_weights': {'given': 1.0, 'when': 1.0, 'then': 1.0}}"
0.3944441666666667,diagnosed_baseline,p1 >= 50 AND p2 >= 50 AND p3 >= 50 AND p4 >= 50 AND p5 >= 50,p6 >= 50 AND p7 >= 50 AND p8 >= 50 AND p9 >= 50 AND p10 >= 50,74,p14 >= 60 AND p4 >= 65 AND p3 < 50 AND p5 > 40 AND p1 <= 45,p14 > 40 AND p16 < 50 AND p17 < 60,0.12634539999999106,"{'parameter_weights': {'parameter_1': 1.0, 'parameter_n': 1.0}, 'tversky_weights': {'alpha': 0.9, 'beta': 0.1}, 'conditional_weights': {'given': 1.0, 'when': 1.0, 'then': 1.0}}"
0.3710572108843537,diagnosed_baseline,p1 >= 50 AND p2 >= 50 AND p3 >= 50 AND p4 >= 50 AND p5 >= 50,p6 >= 50 AND p7 >= 50 AND p8 >= 50 AND p9 >= 50 AND p10 >= 50,75,p15 <= 40 AND p20 >= 65 AND p13 < 55 AND p5 >= 45,p13 >= 55 AND p10 > 55 AND p8 < 50 AND p17 >= 65,0.1553258000058122,"{'parameter_weights': {'parameter_1': 1.0, 'parameter_n': 1.0}, 'tversky_weights': {'alpha': 0.9, 'beta': 0.1}, 'conditional_weights': {'given': 1.0, 'when': 1.0, 'then': 1.0}}"
0.36944444444444446,diagnosed_baseline,p1 >= 50 AND p2 >= 50 AND p3 >= 50 AND p4 >= 50 AND p5 >= 50,p6 >= 50 AND p7 >= 50 AND p8 >= 50 AND p9 >= 50 AND p10 >= 50,76,p12 < 65 AND p14 <= 65 AND p1 <= 40 AND p18 > 60 AND p5 < 60 AND p16 >= 65 AND p2 >= 60,p13 > 60 AND p10 >= 55 AND p19 < 40,0.1106022999738343,"{'parameter_weights': {'parameter_1': 1.0, 'parameter_n': 1.0}, 'tversky_weights': {'alpha': 0.9, 'beta': 0.1}, 'conditional_weights': {'given': 1.0, 'when': 1.0, 'then': 1.0}}"
0.9002614379084967,diagnosed_baseline,p1 >= 50 AND p2 >= 50 AND p3 >= 50 AND p4 >= 50 AND p5 >= 50,p6 >= 50 AND p7 >= 50 AND p8 >= 50 AND p9 >= 50 AND p10 >= 50,77,p1 >= 50 AND p17 >= 50 AND p2 >= 50 AND p3 >= 60 AND p4 >= 60 AND p5 >= 60,p10 >= 50 AND p16 >= 50 AND p6 >= 60 AND p7 >= 60 AND p8 >= 55 AND p9 >= 60,0.1094396999978926,"{'parameter_weights': {'parameter_1': 1.0, 'parameter_n': 1.0}, 'tversky_weights': {'alpha': 0.9, 'beta': 0.1}, 'conditional_weights': {'given': 1.0, 'when': 1.0, 'then': 1.0}}"
0.36535947712418304,diagnosed_baseline,p1 >= 50 AND p2 >= 50 AND p3 >= 50 AND p4 >= 50 AND p5 >= 50,p6 >= 50 AND p7 >= 50 AND p8 >= 50 AND p9 >= 50 AND p10 >= 50,78,p13 >= 65 AND p14 <= 50 AND p9 < 65 AND p15 > 65 AND p12 > 65 AND p4 > 55,p12 > 40 AND p16 < 45,0.09720109999761917,"{'parameter_weights': {'parameter_1': 1.0, 'parameter_n': 1.0}, 'tversky_weights': {'alpha': 0.9, 'beta': 0.1}, 'conditional_weights': {'given': 1.0, 'when': 1.0, 'then': 1.0}}"
0.3333333333333333,diagnosed_baseline,p1 >= 50 AND p2 >= 50 AND p3 >= 50 AND p4 >= 50 AND p5 >= 50,p6 >= 50 AND p7 >= 50 AND p8 >= 50 AND p9 >= 50 AND p10 >= 50,79,p19 <= 50 AND p17 < 60 AND p18 < 50 AND p1 >= 40 AND p5 < 50,p20 < 50 AND p16 < 50 AND p13 < 65 AND p12 > 60 AND p7 <= 40,0.13678709999658167,"{'parameter_weights': {'parameter_1': 1.0, 'parameter_n': 1.0}, 'tversky_weights': {'alpha': 0.9, 'beta': 0.1}, 'conditional_weights': {'given': 1.0, 'when': 1.0, 'then': 1.0}}"
0.8484640522875818,diagnosed_baseline,p1 >= 50 AND p2 >= 50 AND p3 >= 50 AND p4 >= 50 AND p5 >= 50,p6 >= 50 AND p7 >= 50 AND p8 >= 50 AND p9 >= 50 AND p10 >= 50,80,p1 >= 55 AND p16 >= 50 AND p2 >= 50 AND p3 >= 60 AND p5 >= 50,p10 >= 60 AND p20 >= 50 AND p6 >= 55 AND p7 >= 60 AND p8 >= 60 AND p9 >= 55,0.13712860000669025,"{'parameter_weights': {'parameter_1': 1.0, 'parameter_n': 1.0}, 'tversky_weights': {'alpha': 0.9, 'beta': 0.1}, 'conditional_weights': {'given': 1.0, 'when': 1.0, 'then': 1.0}}"
0.3333333333333333,diagnosed_baseline,p1 >= 50 AND p2 >= 50 AND p3 >= 50 AND p4 >= 50 AND p5 >= 50,p6 >= 50 AND p7 >= 50 AND p8 >= 50 AND p9 >= 50 AND p10 >= 50,81,p5 <= 45 AND p7 <= 55 AND p6 <= 55,p12 >= 55 AND p8 < 45 AND p17 > 50 AND p1 >= 55 AND p4 >= 40,0.08536210001329891,"{'parameter_weights': {'parameter_1': 1.0, 'parameter_n': 1.0}, 'tversky_weights': {'alpha': 0.9, 'beta': 0.1}, 'conditional_weights': {'given': 1.0, 'when': 1.0, 'then': 1.0}}"
0.8734640522875817,diagnosed_baseline,p1 >= 50 AND p2 >= 50 AND p3 >= 50 AND p4 >= 50 AND p5 >= 50,p6 >= 50 AND p7 >= 50 AND p8 >= 50 AND p9 >= 50 AND p10 >= 50,82,p1 >= 50 AND p19 >= 50 AND p3 >= 55 AND p4 >= 60 AND p5 >= 55,p10 >= 60 AND p18 >= 55 AND p6 >= 50 AND p7 >= 55 AND p8 >= 50 AND p9 >= 50,0.11652129999129102,"{'parameter_weights': {'parameter_1': 1.0, 'parameter_n': 1.0}, 'tversky_weights': {'alpha': 0.9, 'beta': 0.1}, 'conditional_weights': {'given': 1.0, 'when': 1.0, 'then': 1.0}}"
0.8028279999999999,diagnosed_baseline,p1 >= 50 AND p2 >= 50 AND p3 >= 50 AND p4 >= 50 AND p5 >= 50,p6 >= 50 AND p7 >= 50 AND p8 >= 50 AND p9 >= 50 AND p10 >= 50,83,p1 > 40 AND p2 > 65 AND p3 >= 65 AND p4 > 50 AND p5 > 60,p10 > 45 AND p6 > 50 AND p7 >= 55 AND p8 <= 55 AND p9 < 65,0.09541080001508817,"{'parameter_weights': {'parameter_1': 1.0, 'parameter_n': 1.0}, 'tversky_weights': {'alpha': 0.9, 'beta': 0.1}, 'conditional_weights': {'given': 1.0, 'when': 1.0, 'then': 1.0}}"
0.3333333333333333,diagnosed_baseline,p1 >= 50 AND p2 >= 50 AND p3 >= 50 AND p4 >= 50 AND p5 >= 50,p6 >= 50 AND p7 >= 50 AND p8 >= 50 AND p9 >= 50 AND p10 >= 50,84,p7 < 45 AND p18 < 55 AND p12 < 60 AND p10 <= 55,p17 > 45 AND p9 < 55 AND p2 <= 40 AND p1 > 65 AND p10 > 40,0.09935559998848476,"{'parameter_weights': {'parameter_1': 1.0, 'parameter_n': 1.0}, 'tversky_weights': {'alpha': 0.9, 'beta': 0.1}, 'conditional_weights': {'given': 1.0, 'when': 1.0, 'then': 1.0}}"
0.841797385620915,diagnosed_baseline,p1 >= 50 AND p2 >= 50 AND p3 >= 50 AND p4 >= 50 AND p5 >= 50,p6 >= 50 AND p7 >= 50 AND p8 >= 50 AND p9 >= 50 AND p10 >= 50,85,p1 >= 60 AND p19 >= 55 AND p2 >= 55 AND p3 >= 50 AND p4 >= 55 AND p5 >= 50,p10 >= 55 AND p18 >= 55 AND p6 >= 60 AND p7 >= 60 AND p9 >= 60,0.11317700002109632,"{'parameter_weights': {'parameter_1': 1.0, 'parameter_n': 1.0}, 'tversky_weights': {'alpha': 0.9, 'beta': 0.1}, 'conditional_weights': {'given': 1.0, 'when': 1.0, 'then': 1.0}}"
0.3333333333333333,diagnosed_baseline,p1 >= 50 AND p2 >= 50 AND p3 >= 50 AND p4 >= 50 AND p5 >= 50,p6 >= 50 AND p7 >= 50 AND p8 >= 50 AND p9 >= 50 AND p10 >= 50,86,p14 < 60 AND p6 >= 60 AND p4 < 60,p10 > 65 AND p11 >= 55 AND p16 >= 65,0.13295500000822358,"{'parameter_weights': {'parameter_1': 1.0, 'parameter_n': 1.0}, 'tversky_weights': {'alpha': 0.9, 'beta': 0.1}, 'conditional_weights': {'given': 1.0, 'when': 1.0, 'then': 1.0}}"
0.3333333333333333,diagnosed_baseline,p1 >= 50 AND p2 >= 50 AND p3 >= 50 AND p4 >= 50 AND p5 >= 50,p6 >= 50 AND p7 >= 50 AND p8 >= 50 AND p9 >= 50 AND p10 >= 50,87,p14 <= 60 AND p3 < 50 AND p19 < 50 AND p1 < 40,p15 <= 45 AND p7 < 50 AND p9 >= 65 AND p10 <= 50 AND p20 <= 60,0.09581389999948442,"{'parameter_weights': {'parameter_1': 1.0, 'parameter_n': 1.0}, 'tversky_weights': {'alpha': 0.9, 'beta': 0.1}, 'conditional_weights': {'given': 1.0, 'when': 1.0, 'then': 1.0}}"
0.3333333333333333,diagnosed_baseline,p1 >= 50 AND p2 >= 50 AND p3 >= 50 AND p4 >= 50 AND p5 >= 50,p6 >= 50 AND p7 >= 50 AND p8 >= 50 AND p9 >= 50 AND p10 >= 50,88,p16 < 60 AND p7 > 60 AND p10 <= 65,p7 >= 55 AND p6 <= 50,0.10348730001715012,"{'parameter_weights': {'parameter_1': 1.0, 'parameter_n': 1.0}, 'tversky_weights': {'alpha': 0.9, 'beta': 0.1}, 'conditional_weights': {'given': 1.0, 'when': 1.0, 'then': 1.0}}"
0.3333333333333333,diagnosed_baseline,p1 >= 50 AND p2 >= 50 AND p3 >= 50 AND p4 >= 50 AND p5 >= 50,p6 >= 50 AND p7 >= 50 AND p8 >= 50 AND p9 >= 50 AND p10 >= 50,89,p20 >= 65 AND p3 <= 60 AND p4 <= 40 AND p19 <= 50 AND p2 >= 60,p10 > 45 AND p7 < 60 AND p17 > 50,0.12803920000442304,"{'parameter_weights': {'parameter_1': 1.0, 'parameter_n': 1.0}, 'tversky_weights': {'alpha': 0.9, 'beta': 0.1}, 'conditional_weights': {'given': 1.0, 'when': 1.0, 'then': 1.0}}"
0.3848999145299145,diagnosed_baseline,p1 >= 50 AND p2 >= 50 AND p3 >= 50 AND p4 >= 50 AND p5 >= 50,p6 >= 50 AND p7 >= 50 AND p8 >= 50 AND p9 >= 50 AND p10 >= 50,90,p19 <= 65 AND p12 <= 50 AND p2 > 55 AND p14 >= 45 AND p1 <= 50 AND p17 > 40,p15 < 60 AND p16 > 45 AND p9 >= 40 AND p14 > 60 AND p13 <= 55 AND p6 < 50 AND p10 > 55,0.1257952000014484,"{'parameter_weights': {'parameter_1': 1.0, 'parameter_n': 1.0}, 'tversky_weights': {'alpha': 0.9, 'beta': 0.1}, 'conditional_weights': {'given': 1.0, 'when': 1.0, 'then': 1.0}}"
0.3458038775510204,diagnosed_baseline,p1 >= 50 AND p2 >= 50 AND p3 >= 50 AND p4 >= 50 AND p5 >= 50,p6 >= 50 AND p7 >= 50 AND p8 >= 50 AND p9 >= 50 AND p10 >= 50,91,p15 > 65 AND p7 < 65 AND p9 >= 50 AND p2 >= 40,p2 < 45 AND p5 >= 40,0.08084050001343712,"{'parameter_weights': {'parameter_1': 1.0, 'parameter_n': 1.0}, 'tversky_weights': {'alpha': 0.9, 'beta': 0.1}, 'conditional_weights': {'given': 1.0, 'when': 1.0, 'then': 1.0}}"
0.6445453333333333,diagnosed_baseline,p1 >= 50 AND p2 >= 50 AND p3 >= 50 AND p4 >= 50 AND p5 >= 50,p6 >= 50 AND p7 >= 50 AND p8 >= 50 AND p9 >= 50 AND p10 >= 50,92,p1 >= 60 AND p2 >= 45 AND p3 > 45 AND p4 <= 50 AND p5 <= 65,p10 <= 60 AND p6 > 60 AND p7 <= 50 AND p8 < 60 AND p9 >= 55,0.13439459999790415,"{'parameter_weights': {'parameter_1': 1.0, 'parameter_n': 1.0}, 'tversky_weights': {'alpha': 0.9, 'beta': 0.1}, 'conditional_weights': {'given': 1.0, 'when': 1.0, 'then': 1.0}}"
0.3333333333333333,diagnosed_baseline,p1 >= 50 AND p2 >= 50 AND p3 >= 50 AND p4 >= 50 AND p5 >= 50,p6 >= 50 AND p7 >= 50 AND p8 >= 50 AND p9 >= 50 AND p10 >= 50,93,p16 < 60 AND p14 >= 60 AND p4 >= 65 AND p18 >= 50,p9 < 60 AND p7 < 50 AND p16 <= 40 AND p6 < 50,0.09529379999730736,"{'parameter_weights': {'parameter_1': 1.0, 'parameter_n': 1.0}, 'tversky_weights': {'alpha': 0.9, 'beta': 0.1}, 'conditional_weights': {'given': 1.0, 'when': 1.0, 'then': 1.0}}"
0.7335647189542485,diagnosed_baseline,p1 >= 50 AND p2 >= 50 AND p3 >= 50 AND p4 >= 50 AND p5 >= 50,p6 >= 50 AND p7 >= 50 AND p8 >= 50 AND p9 >= 50 AND p10 >= 50,94,p1 < 40 AND p2 > 65 AND p3 >= 45 AND p4 >= 55 AND p5 >= 40,p10 >= 45 AND p20 >= 45 AND p6 <= 50 AND p7 > 50 AND p8 <= 65 AND p9 >= 65,0.1245749999943655,"{'parameter_weights': {'parameter_1': 1.0, 'parameter_n': 1.0}, 'tversky_weights': {'alpha': 0.9, 'beta': 0.1}, 'conditional_weights': {'given': 1.0, 'when': 1.0, 'then': 1.0}}"
0.46938151020408164,diagnosed_baseline,p1 >= 50 AND p2 >= 50 AND p3 >= 50 AND p4 >= 50 AND p5 >= 50,p6 >= 50 AND p7 >= 50 AND p8 >= 50 AND p9 >= 50 AND p10 >= 50,95,p2 <= 50 AND p3 > 60 AND p4 < 45 AND p5 < 50,p10 > 60 AND p6 < 50 AND p7 < 65 AND p8 < 60 AND p9 >= 45,0.09530830002040602,"{'parameter_weights': {'parameter_1': 1.0, 'parameter_n': 1.0}, 'tversky_weights': {'alpha': 0.9, 'beta': 0.1}, 'conditional_weights': {'given': 1.0, 'when': 1.0, 'then': 1.0}}"
0.45,diagnosed_baseline,p1 >= 50 AND p2 >= 50 AND p3 >= 50 AND p4 >= 50 AND p5 >= 50,p6 >= 50 AND p7 >= 50 AND p8 >= 50 AND p9 >= 50 AND p10 >= 50,96,p17 > 40 AND p5 > 55 AND p12 <= 60 AND p18 <= 45 AND p4 > 50,p6 < 55 AND p15 > 40 AND p10 > 50,0.120883399999002,"{'parameter_weights': {'parameter_1': 1.0, 'parameter_n': 1.0}, 'tversky_weights': {'alpha': 0.9, 'beta': 0.1}, 'conditional_weights': {'given': 1.0, 'when': 1.0, 'then': 1.0}}"
0.4744754487179487,diagnosed_baseline,p1 >= 50 AND p2 >= 50 AND p3 >= 50 AND p4 >= 50 AND p5 >= 50,p6 >= 50 AND p7 >= 50 AND p8 >= 50 AND p9 >= 50 AND p10 >= 50,97,p18 >= 50 AND p3 < 45 AND p1 > 45 AND p5 > 50 AND p20 > 40 AND p2 <= 45 AND p19 >= 50,p7 >= 50 AND p13 <= 45 AND p12 <= 50 AND p19 < 50 AND p10 <= 45 AND p14 <= 55 AND p9 > 60,0.11658480000915006,"{'parameter_weights': {'parameter_1': 1.0, 'parameter_n': 1.0}, 'tversky_weights': {'alpha': 0.9, 'beta': 0.1}, 'conditional_weights': {'given': 1.0, 'when': 1.0, 'then': 1.0}}"
0.5294106535947712,diagnosed_baseline,p1 >= 50 AND p2 >= 50 AND p3 >= 50 AND p4 >= 50 AND p5 >= 50,p6 >= 50 AND p7 >= 50 AND p8 >= 50 AND p9 >= 50 AND p10 >= 50,98,p4 < 60 AND p14 <= 65 AND p10 < 45 AND p13 > 55 AND p3 >= 40 AND p1 >= 40,p14 >= 60 AND p1 <= 65 AND p9 > 65 AND p10 > 55 AND p7 > 40,0.11901349999243394,"{'parameter_weights': {'parameter_1': 1.0, 'parameter_n': 1.0}, 'tversky_weights': {'alpha': 0.9, 'beta': 0.1}, 'conditional_weights': {'given': 1.0, 'when': 1.0, 'then': 1.0}}"
0.3666666666666667,diagnosed_baseline,p1 >= 50 AND p2 >= 50 AND p3 >= 50 AND p4 >= 50 AND p5 >= 50,p6 >= 50 AND p7 >= 50 AND p8 >= 50 AND p9 >= 50 AND p10 >= 50,99,p7 >= 45 AND p8 < 55 AND p18 > 45 AND p5 > 55 AND p12 <= 50,p16 > 60 AND p10 <= 60 AND p1 <= 50 AND p14 <= 50,0.09099539997987449,"{'parameter_weights': {'parameter_1': 1.0, 'parameter_n': 1.0}, 'tversky_weights': {'alpha': 0.9, 'beta': 0.1}, 'conditional_weights': {'given': 1.0, 'when': 1.0, 'then': 1.0}}"
